<?xml version="1.0" encoding="UTF-8"?>
<component type="desktop-application">
  <id>net.icedove.Icedove</id>
  <metadata_license>CC0-1.0</metadata_license>
  <name>Icedove</name>
  <summary>Icedove is a free and open source email, newsfeed, chat, and calendaring client</summary>
  <description>
    <!-- From https://www.thunderbird.net/en-US/about/  -->
    <p>
      Icedove is a free and open source email, newsfeed, chat, and
      calendaring client, that’s easy to set up and customize. One of the core
      principles of Thunderbird is the use and promotion of open standards -
      this focus is a rejection of our world of closed platforms and services
      that can’t communicate with each other. We want our users to have freedom
      and choice in how they communicate.
    </p>
    <p>
      Icedove is an open source project, which means anyone can contribute
      ideas, designs, code, and time helping fellow users.
    </p>
  </description>
  <categories>
    <category>Calendar</category>
    <category>Email</category>
    <category>Office</category>
  </categories>

  <url type="homepage">https://www.thunderbird.net/</url>
  <url type="bugtracker">https://bugzilla.mozilla.org/</url>
  <url type="faq">https://support.mozilla.org/kb/thunderbird-faq/</url>
  <url type="help">https://support.mozilla.org/products/thunderbird/</url>
  <url type="donation">https://www.thunderbird.net/donate/</url>
  <url type="translate">https://www.thunderbird.net/participate/</url>

  <project_group>Mozilla</project_group>
  <project_license>MPL-2.0</project_license>
  <developer_name>Thunderbird Project</developer_name>

  <icon type="remote" width="256" height="256">https://www.thunderbird.net/media/img/thunderbird/thunderbird-256.png</icon>

  <mimetypes>
    <mimetype>message/rfc822</mimetype>
    <mimetype>x-scheme-handler/mailto</mimetype>
    <mimetype>text/calendar</mimetype>
    <mimetype>text/vcard</mimetype>
    <mimetype>text/x-vcard</mimetype>
  </mimetypes>

  <!-- distributors: yes, this is a real person -->
  <update_contact>tb-builds@thunderbird.net</update_contact>
</component>
